{
  "companyInfo": {
    "name": "McDonalds",
    "phone": "0963514785",
    "email": "joseph3elcrac@gmail.com"
  },
  "customers": [
    {
      "name": "Sebastian",
      "identification": "0018988987887",
      "phone": "0976789870",
      "email": "sebas@gmail.com",
      "clientType": "STANDARD"
    },
    {
      "name": "Olga",
      "identification": "0017654542312",
      "phone": "0976787769",
      "email": "olga@gmail.com",
      "clientType": "PREMIUM"
    },
    {
      "name": "Jessenia Sánchez",
      "identification": "0011311194383",
      "phone": "0997393921",
      "email": "jecka@gmail.com",
      "clientType": "VIP"
    }
  ],
  "products": [
    {
      "id": "ARM-001",
      "name": "AK-47",
      "description": "Balas de alto calibre las favoritas de yussepe",
      "barcode": "1452369874521",
      "baseCostPrice": 150.00,
      "supplierId": "1254784513"
    },
    {
      "id": "ARM-002",
      "name": "HK G36",
      "description": "5.56x45mm",
      "barcode": "1269754126984",
      "baseCostPrice": 200.00,
      "supplierId": "1254784513"
    },
    {
      "id": "P004",
      "name": "Skar",
      "description": "No description",
      "barcode": "12121212221",
      "baseCostPrice": 12.00,
      "supplierId": "1254784513"
    },
    {
      "id": "ARM-003",
      "name": "M414",
      "description": "Distancia media",
      "barcode": "1241256789000",
      "baseCostPrice": 348.76,
      "supplierId": "1254784513"
    },
    {
      "id": "ARM-004",
      "name": "Famas",
      "description": "Corta distancia",
      "barcode": "344564365365",
      "baseCostPrice": 145.00,
      "supplierId": "1254784513"
    }
  ],
  "suppliers": [
    {
      "fullName": "Cristiano Ronaldo dos Santos Aveiro",
      "id1": "1254784513",
      "id2": "2855",
      "phone": "0963514785",
      "email": "elbicho@gmail.com",
      "description": "Noooo"
    }
  ],
  "inventories": [
    {
      "name": "Armas",
      "address": {
        "country": "Ecuador",
        "city": "Quito",
        "street": "Benalcazar",
        "zipCode": "",
        "streetNumber": "",
        "region": ""
      },
      "productStock": {
        "MP14": 45,
        "ARM-001": 6,
        "ARM-002": 3,
        "ARM-003": 23,
        "ARM-004": 45
      }
    },
    {
      "name": "Bombas",
      "address": {
        "country": "Colombia",
        "city": "Medellin",
        "street": "Julio",
        "zipCode": "",
        "streetNumber": "",
        "region": ""
      },
      "productStock": {
        "P004": 49
      }
    }
  ],
  "obsoleteInventory": {
    "address": {
      "country": "Ecuador",
      "city": "Quito",
      "street": "Bodega Obsoletos",
      "zipCode": "",
      "streetNumber": "",
      "region": ""
    },
    "productStock": {
      "P004": 10,
      "ARM-001": 13,
      "ARM-002": 12,
      "ARM-003": 7,
      "ARM-004": 15
    }
  },
  "invoices": [
    {
      "invoiceNumber": "F-1",
      "date": "2025-11-15",
      "paymentDueDate": "2025-11-15",
      "customer": {
        "name": "Olga",
        "identification": "0017654542312",
        "phone": "0976787769",
        "email": "olga@gmail.com",
        "clientType": "PREMIUM"
      },
      "lines": [
        {
          "productId": "ARM-001",
          "productName": "AK-47",
          "quantity": 1,
          "priceApplied": 150.0,
          "lineTotal": 150.00
        }
      ],
      "status": "COMPLETED",
      "subtotal": 150.00,
      "discountRate": 0,
      "discountAmount": 0.00,
      "taxRate": 0.15,
      "taxAmount": 22.50,
      "total": 172.50
    },
    {
      "invoiceNumber": "F-2",
      "date": "2025-11-15",
      "paymentDueDate": "2025-11-15",
      "customer": {
        "name": "Sebastian",
        "identification": "0018988987887",
        "phone": "0976789870",
        "email": "sebas@gmail.com",
        "clientType": "STANDARD"
      },
      "lines": [
        {
          "productId": "ARM-002",
          "productName": "HK G36",
          "quantity": 1,
          "priceApplied": 200.0,
          "lineTotal": 200.00
        },
        {
          "productId": "ARM-001",
          "productName": "AK-47",
          "quantity": 2,
          "priceApplied": 150.0,
          "lineTotal": 300.00
        }
      ],
      "status": "COMPLETED",
      "subtotal": 500.00,
      "discountRate": 0,
      "discountAmount": 0.00,
      "taxRate": 0.15,
      "taxAmount": 75.00,
      "total": 575.00
    },
    {
      "invoiceNumber": "F-3",
      "date": "2025-11-15",
      "paymentDueDate": "2025-11-15",
      "customer": {
        "name": "Sebastian",
        "identification": "0018988987887",
        "phone": "0976789870",
        "email": "sebas@gmail.com",
        "clientType": "STANDARD"
      },
      "lines": [
        {
          "productId": "ARM-002",
          "productName": "HK G36",
          "quantity": 5,
          "priceApplied": 200.0,
          "lineTotal": 1000.00
        },
        {
          "productId": "ARM-001",
          "productName": "AK-47",
          "quantity": 2,
          "priceApplied": 150.0,
          "lineTotal": 300.00
        }
      ],
      "status": "COMPLETED",
      "subtotal": 1300.00,
      "discountRate": 0,
      "discountAmount": 0.00,
      "taxRate": 0.15,
      "taxAmount": 195.00,
      "total": 1495.00
    },
    {
      "invoiceNumber": "F-4",
      "date": "2025-12-24",
      "paymentDueDate": "2025-12-24",
      "customer": {
        "name": "Olga",
        "identification": "0017654542312",
        "phone": "0976787769",
        "email": "olga@gmail.com",
        "clientType": "PREMIUM"
      },
      "lines": [
        {
          "productId": "ARM-001",
          "productName": "AK-47",
          "quantity": 1,
          "priceApplied": 150.0,
          "lineTotal": 150.00
        }
      ],
      "status": "COMPLETED",
      "subtotal": 150.00,
      "discountRate": 0,
      "discountAmount": 0.00,
      "taxRate": 0.15,
      "taxAmount": 22.50,
      "total": 172.50
    },
    {
      "invoiceNumber": "F-5",
      "date": "2025-12-26",
      "paymentDueDate": "2025-12-26",
      "customer": {
        "name": "Sebastian",
        "identification": "0018988987887",
        "phone": "0976789870",
        "email": "sebas@gmail.com",
        "clientType": "STANDARD"
      },
      "lines": [
        {
          "productId": "ARM-001",
          "productName": "AK-47",
          "quantity": 2,
          "priceApplied": 150.0,
          "lineTotal": 300.00
        }
      ],
      "status": "COMPLETED",
      "subtotal": 300.00,
      "discountRate": 0,
      "discountAmount": 0.00,
      "taxRate": 0.15,
      "taxAmount": 45.00,
      "total": 345.00
    }
  ],
  "returns": [
    {
      "product": {
        "id": "ARM-001",
        "name": "AK-47",
        "description": "Balas de alto calibre las favoritas de yussepe",
        "barcode": "1452369874521",
        "baseCostPrice": 150.00,
        "supplierId": "1254784513"
      },
      "quantity": 1,
      "reason": "Defectuoso",
      "returnDate": "2026-01-09"
    },
    {
      "product": {
        "id": "ARM-002",
        "name": "HK G36",
        "description": "5.56x45mm",
        "barcode": "1269754126984",
        "baseCostPrice": 200.00,
        "supplierId": "1254784513"
      },
      "quantity": 1,
      "reason": "Defectuoso",
      "returnDate": "2026-01-09"
    },
    {
      "product": {
        "id": "ARM-002",
        "name": "HK G36",
        "description": "5.56x45mm",
        "barcode": "1269754126984",
        "baseCostPrice": 200.00,
        "supplierId": "1254784513"
      },
      "quantity": 4,
      "reason": "Compra Incorrecta",
      "returnDate": "2026-01-09"
    },
    {
      "product": {
        "id": "P004",
        "name": "Skar",
        "description": "No description",
        "barcode": "12121212221",
        "baseCostPrice": 12.00,
        "supplierId": "1254784513"
      },
      "quantity": 3,
      "reason": "Compra Incorrecta",
      "returnDate": "2026-01-09"
    },
    {
      "product": {
        "id": "ARM-003",
        "name": "M414",
        "description": "Distancia media",
        "barcode": "1241256789000",
        "baseCostPrice": 348.76,
        "supplierId": "1254784513"
      },
      "quantity": 2,
      "reason": "Compra Incorrecta",
      "returnDate": "2026-01-09"
    },
    {
      "product": {
        "id": "ARM-003",
        "name": "M414",
        "description": "Distancia media",
        "barcode": "1241256789000",
        "baseCostPrice": 348.76,
        "supplierId": "1254784513"
      },
      "quantity": 1,
      "reason": "Otro",
      "returnDate": "2026-01-09"
    },
    {
      "product": {
        "id": "ARM-004",
        "name": "Famas",
        "description": "Corta distancia",
        "barcode": "344564365365",
        "baseCostPrice": 145.00,
        "supplierId": "1254784513"
      },
      "quantity": 4,
      "reason": "Defectuoso",
      "returnDate": "2026-01-09"
    },
    {
      "product": {
        "id": "ARM-004",
        "name": "Famas",
        "description": "Corta distancia",
        "barcode": "344564365365",
        "baseCostPrice": 145.00,
        "supplierId": "1254784513"
      },
      "quantity": 5,
      "reason": "Compra Incorrecta",
      "returnDate": "2026-01-09"
    }
  ],
  "taxRate": 0.15,
  "profitPercentage": 1.0,
  "discountStandard": 0.1,
  "discountPremium": 0.2,
  "discountVip": 0.3
}