{
  "companyAccounts": [
    {
      "name": "Frico Autopartes S.A.",
      "address": {
        "country": "Ecuador",
        "city": "Quito",
        "street": "Av. 10 de Agosto N45",
        "zipCode": "170504",
        "streetNumber": "N45-23",
        "region": "Pichincha"
      },
      "ruc": "1790011223001",
      "phone": "022445566",
      "email": "admin@frico.com",
      "username": "adminFrico",
      "password": "234"
    },
    {
      "name": "McDonalds",
      "address": {
        "country": "Ecuador",
        "city": "QUITO",
        "street": "Solanda",
        "zipCode": "",
        "streetNumber": "",
        "region": ""
      },
      "ruc": "0011751774793",
      "phone": "0963514785",
      "email": "joseph3elcrac@gmail.com",
      "username": "Joseph",
      "password": "234",
      "logoPath": "data\\profiles\\Joseph_profile.jpeg"
    },
    {
      "name": "TropiBurger",
      "address": {
        "country": "Ecuador",
        "city": "Quito",
        "street": "Dr. José Peralta",
        "zipCode": "",
        "streetNumber": "",
        "region": ""
      },
      "ruc": "001751132869",
      "phone": "0983249630",
      "email": "tropi@gmail.com",
      "username": "Said",
      "password": "234"
    },
    {
      "name": "Repuestos",
      "address": {
        "country": "545454",
        "city": "4545",
        "street": "54545",
        "zipCode": "",
        "streetNumber": "",
        "region": ""
      },
      "ruc": "17545454",
      "phone": "5454454",
      "email": "455454",
      "username": "adminPrueba",
      "password": "234"
    },
    {
      "name": "KFC",
      "address": {
        "country": "Ecuador",
        "city": "Quito",
        "street": "Solanda",
        "zipCode": "",
        "streetNumber": "",
        "region": ""
      },
      "ruc": "001245878874q",
      "phone": "0098745127",
      "email": "lm@gmail.com",
      "username": "Pepe",
      "password": "234"
    },
    {
      "name": "CompanyTest",
      "address": {
        "country": "Ecuador",
        "city": "Quito",
        "street": "Solanda",
        "zipCode": "",
        "streetNumber": "",
        "region": ""
      },
      "ruc": "0012365478451",
      "phone": "0987541020",
      "email": "a@a.com",
      "username": "licas",
      "password": "234"
    },
    {
      "name": "BlockBuster",
      "address": {
        "country": "Ecuador",
        "city": "Cuenca",
        "street": "Av. 6 de Diciembre",
        "zipCode": "",
        "streetNumber": "",
        "region": ""
      },
      "ruc": "0011751132869",
      "phone": "0983249630",
      "email": "blockbuster@gmail.com",
      "username": "Mathews",
      "password": "Nbuifxt234",
      "logoPath": "data\\profiles\\Mathews_profile.jpeg"
    }
  ],
  "personalAccounts": [
    {
      "fullName": "Juan Perez",
      "username": "juanp",
      "password": "234"
    },
    {
      "fullName": "Pedro Pascal",
      "username": "pedrito",
      "password": "2347"
    },
    {
      "fullName": "Moisés Isaac Caicedo Corozo",
      "username": "niñoMoi",
      "password": "Npj234",
      "profilePhotoPath": "data\\profiles\\niñoMoi_profile.png"
    },
    {
      "fullName": "Pepito",
      "username": "pepito",
      "password": "234"
    },
    {
      "fullName": "asdas",
      "username": "prueba@",
      "password": "234"
    },
    {
      "fullName": "",
      "username": "",
      "password": ""
    },
    {
      "fullName": "Said Pastor",
      "username": "21212",
      "password": "3223"
    },
    {
      "fullName": "Kylian Mbappé Lottin",
      "username": "Mbappe",
      "password": "Mpuujo",
      "profilePhotoPath": "data\\profiles\\Mbappe_profile.jpg"
    },
    {
      "fullName": "Florencia Aguilar",
      "username": "Flor",
      "password": "2345"
    }
  ]
}