{
  "companyInfo": {
    "name": "Frico Autopartes S.A.",
    "address": {
      "country": "Ecuador",
      "city": "Quito",
      "street": "Av. 10 de Agosto N45",
      "zipCode": "170504",
      "streetNumber": "N45-23",
      "region": "Pichincha"
    },
    "ruc": "1790011223001",
    "phone": "022445566",
    "email": "admin@frico.com",
    "username": "adminFrico",
    "password": "234"
  },
  "customers": [
    {
      "name": "Rodrigo Delgado",
      "identification": "0012365478963",
      "phone": "0983489630",
      "email": "m@gmail.com",
      "clientType": "STANDARD"
    },
    {
      "name": "Pedro Paz",
      "identification": "0014785236987",
      "phone": "0994896354",
      "email": "k@gmail.com",
      "clientType": "STANDARD"
    },
    {
      "name": "Pedro Martin",
      "identification": "1245784512",
      "phone": "0987451254",
      "email": "pm@gmail.com",
      "clientType": "VIP"
    },
    {
      "name": "Lucas",
      "identification": "1751132869",
      "phone": "0983249630",
      "email": "l@gmail.com",
      "clientType": "VIP"
    }
  ],
  "products": [
    {
      "id": "DLLA123",
      "name": "Frenos BMW",
      "description": "sirven para los bmw",
      "barcode": "12434354231",
      "baseCostPrice": 70.60,
      "supplierId": "0015547895623"
    },
    {
      "id": "DSSA",
      "name": "Pastillas de frenos",
      "description": "Sirven apra frenar",
      "barcode": "1234512094531",
      "baseCostPrice": 23.00,
      "supplierId": "1234315652001"
    },
    {
      "id": "P00-11",
      "name": "Palanca de Frenos",
      "description": "No descripción",
      "barcode": "1211145874521",
      "baseCostPrice": 12.00,
      "supplierId": "1234315652001"
    },
    {
      "id": "P-002",
      "name": "Palanca FIAT 1",
      "description": "NO descripcion",
      "barcode": "178451236",
      "baseCostPrice": 12.00,
      "supplierId": "1234315652001"
    },
    {
      "id": "P00-5",
      "name": "Pastilla de Frenos",
      "description": "No descripción",
      "barcode": "7623842123",
      "baseCostPrice": 12.30,
      "supplierId": "1234315652001"
    },
    {
      "id": "PkD 200",
      "name": "Pastilla de freno",
      "description": "No descripcion.",
      "barcode": "342341241234",
      "baseCostPrice": 32.00,
      "supplierId": "0012458745123"
    },
    {
      "id": "P001-4",
      "name": "Producto Prueb",
      "description": "No descripción",
      "barcode": "12121212",
      "baseCostPrice": 1.20,
      "supplierId": "1234315652001"
    },
    {
      "id": "POO-123",
      "name": "Teclado Inalémbrico",
      "description": "buen teclado",
      "barcode": "42342432423",
      "baseCostPrice": 100.00,
      "supplierId": "0011751774793"
    },
    {
      "id": "DSSO",
      "name": "Frenos Aveo",
      "description": "Sirve para Aveo",
      "barcode": "1025487888",
      "baseCostPrice": 10.25,
      "supplierId": "0011751774793"
    }
  ],
  "suppliers": [
    {
      "fullName": "Joseph Benjamín Medina Sánchez",
      "id1": "0011751774793",
      "id2": "123",
      "phone": "0963514785",
      "email": "joseph3elcrac@gmail.com",
      "description": "bueno"
    },
    {
      "fullName": "María Gracia Martínez",
      "id1": "0015547895623",
      "id2": "001",
      "phone": "0998745512",
      "email": "q@gmail.com",
      "description": "Precios baratos"
    }
  ],
  "inventories": [
    {
      "name": "Central",
      "address": {
        "country": "Ecuador",
        "city": "Quito",
        "street": "Rocafuerte",
        "zipCode": "",
        "streetNumber": "",
        "region": ""
      },
      "productStock": {
        "DLLA123": 9,
        "P00-11": 20,
        "POO-123": 20
      }
    },
    {
      "name": "Bodega Sur",
      "address": {
        "country": "Ecuador",
        "city": "Cuenca",
        "street": "Moran",
        "zipCode": "",
        "streetNumber": "",
        "region": ""
      },
      "productStock": {
        "P00-5": 15,
        "DSSO": 10
      }
    },
    {
      "name": "Local Solanda",
      "address": {
        "country": "Ecuador",
        "city": "Quito",
        "street": "Moran Valverde",
        "zipCode": "",
        "streetNumber": "",
        "region": ""
      },
      "productStock": {
        "DSSA": 4
      }
    }
  ],
  "obsoleteInventory": {
    "address": {
      "country": "Ecuador",
      "city": "Quito",
      "street": "Bodega Obsoletos",
      "zipCode": "",
      "streetNumber": "",
      "region": ""
    },
    "productStock": {
      "P00-11": 1,
      "dlla123": 2,
      "DSSA": 8
    }
  },
  "invoices": [
    {
      "invoiceNumber": "F-1",
      "date": "2025-12-08",
      "paymentDueDate": "2025-12-08",
      "customer": {
        "name": "Rodrigo Delgado",
        "identification": "0012365478963",
        "phone": "0983489630",
        "email": "m@gmail.com",
        "clientType": "STANDARD"
      },
      "lines": [
        {
          "productId": "P00-5",
          "productName": "Pastilla de Frenos",
          "quantity": 2,
          "priceApplied": 0.0,
          "lineTotal": 0.00
        }
      ],
      "status": "COMPLETED",
      "subtotal": 0.00,
      "discountRate": 0,
      "discountAmount": 0.00,
      "taxRate": 0.15,
      "taxAmount": 0.00,
      "total": 0.00
    },
    {
      "invoiceNumber": "F-2",
      "date": "2025-12-08",
      "paymentDueDate": "2025-12-08",
      "customer": {
        "name": "Pedro Martin",
        "identification": "1245784512",
        "phone": "0987451254",
        "email": "pm@gmail.com",
        "clientType": "PREMIUM"
      },
      "lines": [
        {
          "productId": "P00-5",
          "productName": "Pastilla de Frenos",
          "quantity": 1,
          "priceApplied": 0.0,
          "lineTotal": 0.00
        }
      ],
      "status": "COMPLETED",
      "subtotal": 0.00,
      "discountRate": 0,
      "discountAmount": 0.00,
      "taxRate": 0.15,
      "taxAmount": 0.00,
      "total": 0.00
    },
    {
      "invoiceNumber": "FFRI-003",
      "date": "2025-12-08",
      "paymentDueDate": "2025-12-08",
      "customer": {
        "name": "Pedro Paz",
        "identification": "0014785236987",
        "phone": "0994896354",
        "email": "k@gmail.com",
        "clientType": "STANDARD"
      },
      "lines": [
        {
          "productId": "P001-4",
          "productName": "Producto Prueb",
          "quantity": 2,
          "priceApplied": 0.0,
          "lineTotal": 0.00
        }
      ],
      "status": "COMPLETED",
      "subtotal": 0.00,
      "discountRate": 0,
      "discountAmount": 0.00,
      "taxRate": 0.15,
      "taxAmount": 0.00,
      "total": 0.00
    },
    {
      "invoiceNumber": "F-4",
      "date": "2025-12-18",
      "paymentDueDate": "2025-12-18",
      "customer": {
        "name": "Pedro Martin",
        "identification": "1245784512",
        "phone": "0987451254",
        "email": "pm@gmail.com",
        "clientType": "VIP"
      },
      "lines": [
        {
          "productId": "DLLA123",
          "productName": "Frenos BMW",
          "quantity": 2,
          "priceApplied": 98.84,
          "lineTotal": 197.68
        },
        {
          "productId": "DSSO",
          "productName": "Frenos Aveo",
          "quantity": 1,
          "priceApplied": 14.35,
          "lineTotal": 14.35
        }
      ],
      "status": "COMPLETED",
      "subtotal": 212.03,
      "discountRate": 0,
      "discountAmount": 0.00,
      "taxRate": 0.15,
      "taxAmount": 31.80,
      "total": 243.83
    },
    {
      "invoiceNumber": "F-5",
      "date": "2025-12-18",
      "paymentDueDate": "2025-12-18",
      "customer": {
        "name": "Pedro Paz",
        "identification": "0014785236987",
        "phone": "0994896354",
        "email": "k@gmail.com",
        "clientType": "STANDARD"
      },
      "lines": [
        {
          "productId": "DLLA123",
          "productName": "Frenos BMW",
          "quantity": 1,
          "priceApplied": 127.08,
          "lineTotal": 127.08
        },
        {
          "productId": "DSSO",
          "productName": "Frenos Aveo",
          "quantity": 1,
          "priceApplied": 18.45,
          "lineTotal": 18.45
        }
      ],
      "status": "COMPLETED",
      "subtotal": 145.53,
      "discountRate": 0,
      "discountAmount": 0.00,
      "taxRate": 0.15,
      "taxAmount": 21.83,
      "total": 167.36
    }
  ],
  "returns": [
    {
      "product": {
        "id": "DSSA",
        "name": "Pastillas de frenos",
        "description": "Sirven apra frenar",
        "barcode": "1234512094531",
        "baseCostPrice": 23.00,
        "supplierId": "1234315652001"
      },
      "quantity": 2,
      "reason": "Compra Incorrecta",
      "returnDate": "2026-01-08"
    },
    {
      "product": {
        "id": "DLLA123",
        "name": "Frenos BMW",
        "description": "sirven para los bmw",
        "barcode": "12434354231",
        "baseCostPrice": 70.60,
        "supplierId": "0015547895623"
      },
      "quantity": 2,
      "reason": "Defectuoso",
      "returnDate": "2026-01-08"
    }
  ],
  "taxRate": 0.15,
  "profitPercentage": 1.0,
  "discountStandard": 0.1,
  "discountPremium": 0.2,
  "discountVip": 0.4
}